{"cameraMode":{"drawMode":0,"name":"Shaded","section":"Shading Mode"},"sceneLighting":false,"audioPlay":false,"sceneViewState":{"showFog":true,"showMaterialUpdate":false,"showSkybox":false,"showFlares":true,"showImageEffects":true,"showParticleSystems":true},"in2DMode":false,"pivot":{"x":2.433110237121582,"y":1.1881484985351563,"z":-1.2745723724365235},"rotation":{"x":-0.08590685576200485,"y":0.8822908997535706,"z":-0.17729690670967103,"w":-0.4274998605251312},"size":14.795565605163575,"orthographic":false}