{"cameraMode":{"drawMode":0,"name":"Shaded","section":"Shading Mode"},"sceneLighting":true,"audioPlay":false,"sceneViewState":{"showFog":true,"showMaterialUpdate":false,"showSkybox":true,"showFlares":true,"showImageEffects":true,"showParticleSystems":true},"in2DMode":false,"pivot":{"x":-0.08935546875,"y":0.3623046875,"z":-0.10400390625},"rotation":{"x":0.19652396440505982,"y":-0.0408761203289032,"z":0.009068121202290059,"w":0.9797118306159973},"size":4.722862720489502,"orthographic":true}