{"cameraMode":{"drawMode":0,"name":"Shaded","section":"Shading Mode"},"sceneLighting":true,"audioPlay":false,"sceneViewState":{"showFog":true,"showMaterialUpdate":false,"showSkybox":true,"showFlares":true,"showImageEffects":true,"showParticleSystems":true},"in2DMode":false,"pivot":{"x":-0.0662841796875,"y":1.08056640625,"z":-0.674072265625},"rotation":{"x":-0.21930427849292756,"y":0.05061902105808258,"z":-0.01143311895430088,"w":-0.9743154644966126},"size":3.345155954360962,"orthographic":true}